player,matches_played,total_points_earned,Most points_in_a_match,not_out_percent,Total_Raids,Successful_Raids_percent,no_of_super_raids,super_10s,total_raid_points,avg_raid_points_per_match,no_of_super_tackles,high_5s,total_tackle_points,avg_tackle_per_match,total_tackles,tackle_strike_rate,season
pawan kumar sehrawat,74,601,29,72.46%,868,65.43,18,25,568,7.67,3,0,33,0.4,87,37.93%,All
pawan kumar sehrawat,19,256,29,74.05%,343,70.55,6,13,242,12.73,1,0,13,0.66,27,48.14%,7
pawan kumar sehrawat,24,282,22,77.33%,375,72.26,12,13,271,11.29,0,0,11,0.45,40,27.50%,6
pawan kumar sehrawat,9,10,4,45.83%,24,37.5,0,0,9,1,0,0,1,0.11,2,50%,5
pawan kumar sehrawat,10,11,4,48.48%,33,33.33,0,0,11,1.1,0,0,0,0,1,0,4
pawan kumar sehrawat,13,53,7,64.54%,110,40.9,1,0,45,3.46,2,0,8,0.46,17,47.05%,3
pardeep narwal,103,1089,34,77.18%,1823,59.35,49,56,1082,10.5,1,0,7,0.05,34,20.58%,All
pardeep narwal,19,243,26,75.19%,383,63.44,12,13,243,12.78,0,0,0,0,2,0,7
pardeep narwal,21,233,27,76.21%,391,59.59,6,15,233,11.09,0,0,0,0,1,0,6
pardeep narwal,26,369,34,80.71%,586,62.96,18,19,369,14.19,0,0,0,0,10,0,5
pardeep narwal,16,133,18,76.04%,263,49.8,3,5,131,8.18,1,0,2,0.06,6,33.33%,4
pardeep narwal,16,121,24,75.93%,187,62.03,10,5,116,7.25,0,0,5,0.31,13,38.46%,3
pardeep narwal,6,9,4,68.42%,38,23.68,1,0,9,1.5,0,0,0,0,2,0,2
naveen kumar,39,390,17,82.92%,650,58.92,5,24,383,9.82,1,0,7,0.15,17,41.17%,All
naveen kumar,20,258,19,85%,408,62.74,2,19,256,12.8,0,0,2,0.11,6,33%,7
naveen kumar,22,177,15,79.47%,307,56.02,3,8,172,7.81,1,0,5,0.18,12,41.66%,6
maninder singh,77,710,19,80.28%,1202,58.31,21,31,701,9.1,1,0,9,0.1,44,20.45%,All
maninder singh,18,175,19,81.69%,284,61.61,6,8,175,9.72,0,0,0,0,7,0,7
maninder singh,22,206,17,79.52%,376,54.78,6,9,206,9.36,0,0,0,0,5,0,6
maninder singh,21,192,17,82.01%,367,51.77,6,9,190,9.04,0,0,2,0.09,13,15.38%,5
maninder singh,0,0,0,0,0,0,0,0,0,0,0,0,0,0,0,0,4
maninder singh,16,137,13,76%,175,74.28,3,5,130,8.12,1,0,7,0.37,19,36.84%,3
vikash kandola,49,380,15,78.82%,784,47.32,11,14,371,7.57,0,0,9,0.18,34,26.47%,All
vikash kandola,14,142,13,81.33%,284,48.59,5,8,138,9.85,0,0,4,0.28,10,40%,7
vikash kandola,22,177,15,77.23%,347,49.56,5,6,172,7.81,0,0,5,0.22,18,27.77%,6
vikash kandola,9,58,9,78.67%,136,42.64,1,0,58,6.44,0,0,0,0,4,0,5
vikash kandola,4,3,3,70.58%,17,17.64,0,0,3,0.75,0,0,0,0,2,0,4
siddharth sirish desai,37,361,23,74.73%,558,63.62,12,17,355,9.59,0,0,6,0.16,14,42.85%,All
siddharth sirish desai,16,140,23,70.88%,237,57.8,2,5,137,8.56,0,0,3,0.18,5,60%,7
siddharth sirish desai,21,221,19,77.57%,321,67.91,10,12,218,10.38,0,0,3,0.14,9,33.33%,6
deepak niwas hooda,121,919,20,81.15%,1725,48.28,20,29,833,6.88,8,4,86,0.64,230,37.39%,All
deepak niwas hooda,18,134,14,80.68%,264,46.59,2,5,123,6.83,2,0,11,0.5,26,42.30%,7
deepak niwas hooda,22,208,20,80.32%,366,53.55,4,10,196,8.9,1,1,12,0.5,38,31.57%,6
deepak niwas hooda,24,186,17,78.88%,360,47.77,8,7,172,7.16,1,0,14,0.54,34,41.17%,5
deepak niwas hooda,16,130,17,85.92%,277,45.48,2,2,126,7.87,0,0,4,0.25,28,14.28%,4
deepak niwas hooda,12,76,13,82.16%,157,43.94,0,1,69,5.75,0,0,7,0.58,21,33.33%,3
deepak niwas hooda,15,96,14,82.35%,153,39.21,1,1,60,4,4,3,36,2.13,61,59.01%,2
deepak niwas hooda,14,89,18,78.37%,148,58.78,3,3,87,6.21,0,0,2,0.14,22,9.09%,1
rahul chaudhari,118,996,23,80.02%,1977,47.44,24,40,938,7.94,5,0,58,0.44,183,31.69%,All
rahul chaudhari,18,120,14,73.25%,258,43.79,0,4,113,6.27,0,0,7,0.38,26,26.92%,7
rahul chaudhari,21,166,18,75.14%,350,45.42,4,4,159,7.57,1,0,7,0.28,19,36.84%,6
rahul chaudhari,22,193,17,81.06%,412,44.66,5,8,184,8.36,0,0,9,0.4,33,27.27%,5
rahul chaudhari,16,150,18,86.15%,325,44.92,6,7,146,9.12,1,0,4,0.18,11,36.36%,4
rahul chaudhari,13,99,17,79.80%,208,41.82,1,4,87,6.69,2,0,12,0.76,29,41.37%,3
rahul chaudhari,14,107,14,83.06%,183,53.55,6,5,98,7,0,0,9,0.64,34,26.47%,2
rahul chaudhari,14,161,23,82.15%,241,62.65,2,8,151,10.78,1,0,10,0.64,31,32.25%,1
manjeet,40,220,16,74.51%,412,43.44,5,4,179,4.47,2,0,41,0.97,90,45.55%,All
manjeet,18,118,16,76.23%,223,41.25,2,2,92,5.11,1,0,26,1.38,52,50%,7
manjeet,22,102,10,72.48%,189,46.03,3,2,87,3.95,1,0,15,0.63,38,39.47%,6
shrikant jadhav,71,367,17,72.64%,775,44.77,8,9,347,4.88,3,0,20,0.23,45,44.44%,All
shrikant jadhav,17,106,15,77.02%,222,46.39,2,2,103,6.05,0,0,3,0.17,8,37.50%,7
shrikant jadhav,25,146,17,70.48%,332,42.46,4,5,141,5.64,1,0,5,0.16,11,45.45%,6
shrikant jadhav,19,98,13,74.70%,170,50.58,2,2,86,4.52,2,0,12,0.52,22,54.54%,5
shrikant jadhav,5,7,5,68.75%,16,43.75,0,0,7,1.4,0,0,0,0,3,0,4
shrikant jadhav,5,10,7,57.14%,35,28.57,0,0,10,2,0,0,0,0,1,0,3
shrikant jadhav,0,0,0,0,0,0,0,0,0,0,0,0,0,0,0,0,2
rohit gulia,56,204,13,76.07%,560,34.46,2,3,193,3.44,0,0,11,0.19,56,19.64%,All
rohit gulia,18,105,13,73.79%,248,40.32,0,3,100,5.55,0,0,5,0.27,17,29.41%,7
rohit gulia,19,61,9,77.63%,152,38.15,2,0,58,3.05,0,0,3,0.15,19,15.78%,6
rohit gulia,19,38,9,78.12%,160,21.87,0,0,35,1.84,0,0,3,0.15,20,15%,5
k  prapanjan,81,369,12,77.07%,820,44.26,7,10,363,4.48,0,0,6,0.07,50,12%,All
k  prapanjan,18,101,12,79.18%,197,50.25,4,3,99,5.5,0,0,2,0.11,14,14.28%,7
k  prapanjan,22,123,12,78.03%,255,47.84,1,4,122,5.54,0,0,1,0.04,11,9.09%,6
k  prapanjan,22,124,11,77.45%,306,40.19,2,3,123,5.59,0,0,1,0.04,17,5.88%,5
k  prapanjan,11,12,3,69.04%,42,28.57,0,0,12,1.09,0,0,0,0,1,0,4
k  prapanjan,4,2,1,16.66%,6,33.33,0,0,2,0.5,0,0,0,0,2,0,3
k  prapanjan,4,7,3,71.42%,14,35.71,0,0,5,1.25,0,0,2,0.5,5,40%,2
abhishek singh,30,152,13,81.87%,331,43.8,3,7,145,4.83,0,0,7,0.23,31,22.58%,All
abhishek singh,15,99,13,81.77%,214,45.79,2,5,98,6.53,0,0,1,0.06,12,8.33%,7
abhishek singh,15,53,13,82.05%,117,40.17,1,2,47,3.13,0,0,6,0.4,19,31.57%,6
pankaj mohite,15,99,17,76.88%,186,52.68,4,2,98,6.53,0,0,1,0.06,12,8.33%,All
pankaj mohite,15,99,17,76.88%,186,52.68,4,2,98,6.53,0,0,1,0.06,12,8.33%,7
mohammad esmaeil nabibakhsh,18,93,10,80.57%,175,38.85,3,1,68,3.77,2,1,25,1.27,50,50%,All
mohammad esmaeil nabibakhsh,18,93,10,80.57%,175,38.85,3,1,68,3.77,2,1,25,1.27,50,50%,7
rohit kumar,89,703,32,79.08%,1401,47.39,15,26,664,7.46,2,1,39,0.41,104,37.50%,All
rohit kumar,17,92,14,70.86%,230,38.26,2,3,88,5.17,0,0,4,0.23,17,23.52%,7
rohit kumar,24,171,16,81.23%,341,47.5,5,5,162,6.75,0,1,9,0.37,30,30%,6
rohit kumar,22,231,32,80.38%,418,52.39,1,12,219,9.95,1,0,12,0.5,27,44.44%,5
rohit kumar,14,100,11,77.77%,234,39.74,3,1,93,6.64,1,0,7,0.42,16,43.75%,4
rohit kumar,12,109,16,84.26%,178,57.3,4,5,102,8.5,0,0,7,0.58,14,50%,3
v  ajith kumar,15,89,18,70.46%,149,59.73,1,3,89,5.93,0,0,0,0,9,0,All
v  ajith kumar,15,89,18,70.46%,149,59.73,1,3,89,5.93,0,0,0,0,9,0,7
sachin tanwar,63,462,14,76.03%,868,49.88,4,16,433,6.87,3,0,29,0.41,55,52.72%,All
sachin tanwar,16,85,10,72.46%,207,40.57,1,2,84,5.25,0,0,1,0.06,8,12.50%,7
sachin tanwar,23,204,12,78.14%,366,51.91,1,7,190,8.26,2,0,14,0.52,22,63.63%,6
sachin tanwar,24,173,14,75.93%,295,53.89,2,7,159,6.62,1,0,14,0.54,25,56%,5
vinay,17,84,14,80.72%,166,48.19,5,2,80,4.7,0,0,4,0.23,16,25%,All
vinay,17,84,14,80.72%,166,48.19,5,2,80,4.7,0,0,4,0.23,16,25%,7
chandran ranjit,58,300,11,75.29%,668,43.41,9,5,290,5,2,0,10,0.13,41,24.39%,All
chandran ranjit,16,84,11,73.26%,202,39.6,3,1,80,5,1,0,4,0.18,14,28.57%,7
chandran ranjit,24,158,11,76.89%,316,48.41,3,3,153,6.37,1,0,5,0.16,15,33.33%,6
chandran ranjit,11,51,11,77.86%,122,41.8,3,1,51,4.63,0,0,0,0,4,0,5
chandran ranjit,1,1,1,62.50%,8,0,0,0,0,0,0,0,1,1,2,50%,4
chandran ranjit,6,6,4,60%,20,30,0,0,6,1,0,0,0,0,6,0,3
arjun deshwal,19,82,15,75.47%,159,50.31,2,2,80,4.21,0,0,2,0.1,5,40%,All
arjun deshwal,16,78,15,75.67%,148,51.35,2,2,76,4.75,0,0,2,0.12,5,40%,7
arjun deshwal,3,4,4,72.72%,11,36.36,0,0,4,1.33,0,0,0,0,0,0,6
sandeep kumar dhull,62,196,8,60%,5,20,0,0,1,0.01,18,13,195,2.85,369,52.84%,All
sandeep kumar dhull,18,62,8,66.66%,3,33.33,0,0,1,0.05,7,5,61,3,113,53.98%,7
sandeep kumar dhull,22,67,6,100%,1,0,0,0,0,0,5,4,67,2.81,128,52.34%,6
sandeep kumar dhull,12,35,8,0,0,0,0,0,0,0,0,2,35,2.91,67,52.23%,5
sandeep kumar dhull,10,32,6,0,1,0,0,0,0,0,6,2,32,2.6,61,52.45%,4
more gb,44,167,13,72.20%,349,38.1,1,2,133,3.02,3,0,34,0.7,57,59.64%,All
more gb,16,60,9,75%,132,30.3,0,0,40,2.5,1,0,20,1.18,33,60.60%,7
more gb,22,91,13,71.51%,172,45.93,1,2,79,3.59,2,0,12,0.45,21,57.14%,6
more gb,6,16,6,66.66%,45,31.11,0,0,14,2.33,0,0,2,0.33,3,66.66%,5
sumit,17,60,6,83.33%,6,33.33,0,0,2,0.11,0,5,58,3.41,106,54.71%,All
sumit,17,60,6,83.33%,6,33.33,0,0,2,0.11,0,5,58,3.41,106,54.71%,7
naveen,34,160,17,75.49%,306,47.05,5,2,144,4.23,2,0,16,0.41,51,31.37%,All
naveen,13,58,14,72.56%,113,49.55,1,1,56,4.3,0,0,2,0.15,8,25%,7
naveen,21,102,17,77.20%,193,45.59,4,1,88,4.19,2,0,14,0.57,43,32.55%,6
vishal bhardwaj,57,196,9,98.33%,60,1.66,0,0,1,0.01,21,15,195,3.05,342,57.01%,All
vishal bhardwaj,16,58,8,100%,14,0,0,0,0,0,9,5,58,3.06,95,61.05%,7
vishal bhardwaj,17,60,9,100%,40,0,0,0,0,0,9,5,60,3,95,63.15%,6
vishal bhardwaj,22,71,7,80%,5,0,0,0,0,0,3,5,71,3.09,137,51.82%,5
vishal bhardwaj,2,7,5,100%,1,100,0,0,1,0.5,0,0,6,3,15,40%,4
ajay thakur,115,811,20,77.53%,1687,46.82,23,29,790,6.86,0,0,21,0.18,82,25.60%,All
ajay thakur,13,58,11,74.85%,171,33.91,2,1,58,4.46,0,0,0,0,5,0,7
ajay thakur,22,204,20,79.38%,388,52.31,3,7,203,9.22,0,0,1,0.04,11,9.09%,6
ajay thakur,22,222,20,81.57%,407,52.33,3,12,213,9.68,0,0,9,0.4,25,36%,5
ajay thakur,16,64,12,78.06%,155,40.64,5,1,63,3.93,0,0,1,0.06,8,12.50%,4
ajay thakur,14,56,11,77.02%,148,35.13,2,1,52,3.71,0,0,4,0.28,9,44.44%,3
ajay thakur,13,80,12,71.05%,190,41.57,6,2,79,6.07,0,0,1,0.07,6,16.66%,2
ajay thakur,15,127,16,74.56%,228,53.5,2,5,122,8.13,0,0,5,0.33,18,27.77%,1
fazel atrachali,96,294,9,88.63%,44,9.09,0,0,4,0.04,18,19,290,2.83,452,64.15%,All
fazel atrachali,17,57,6,91.66%,12,16.66,0,0,2,0.11,3,2,55,3.05,92,59.78%,7
fazel atrachali,23,83,7,100%,14,0,0,0,0,0,3,6,83,3.47,130,63.84%,6
fazel atrachali,24,57,9,81.81%,11,0,0,0,0,0,3,4,57,2.25,99,57.57%,5
fazel atrachali,16,52,8,100%,1,0,0,0,0,0,7,4,52,2.81,72,72.22%,4
fazel atrachali,11,33,6,50%,2,50,0,0,1,0.09,0,2,32,2.9,46,69.56%,3
fazel atrachali,5,12,7,75%,4,25,0,0,1,0.2,2,1,11,1.8,13,84.61%,2
surender gill,14,55,8,74.64%,142,33.09,0,0,47,3.35,1,0,8,0.5,12,66.66%,All
surender gill,14,55,8,74.64%,142,33.09,0,0,47,3.35,1,0,8,0.5,12,66.66%,7
sandeep narwal,118,537,14,86.19%,717,33.89,11,1,243,2.05,28,16,294,2.25,538,54.64%,All
sandeep narwal,17,54,6,82.35%,51,27.45,0,0,14,0.82,5,1,40,2.05,65,61.53%,7
sandeep narwal,18,66,7,87.20%,86,29.06,1,0,25,1.38,7,1,41,1.88,81,50.61%,6
sandeep narwal,21,85,9,93.16%,117,28.2,1,0,33,1.57,3,1,52,2.33,102,50.98%,5
sandeep narwal,16,66,7,89.77%,88,27.27,0,0,24,1.5,2,3,42,2.5,83,50.60%,4
sandeep narwal,14,64,11,98.18%,55,16.36,0,0,9,0.64,2,6,55,3.78,95,57.89%,3
sandeep narwal,16,83,11,81.50%,146,31.5,1,0,46,2.87,3,2,37,2.12,71,52.11%,2
sandeep narwal,16,119,14,80.45%,174,52.87,8,1,92,5.75,6,2,27,1.31,41,65.85%,1
po surjeet singh,91,275,9,96.99%,133,6.76,0,0,9,0.09,16,25,266,2.74,523,50.86%,All
po surjeet singh,18,53,7,94.44%,18,11.11,0,0,2,0.11,5,5,51,2.55,100,51%,7
po surjeet singh,23,57,7,96.29%,54,5.55,0,0,3,0.13,2,4,54,2.26,129,41.86%,6
po surjeet singh,24,79,8,98.07%,52,5.76,0,0,3,0.12,4,9,76,3,146,52.05%,5
po surjeet singh,14,37,5,100%,3,0,0,0,0,0,4,2,37,2.35,73,50.68%,4
po surjeet singh,12,49,9,100%,6,16.66,0,0,1,0.08,1,5,48,3.91,75,64%,3
baldev singh,36,81,7,66.66%,6,16.66,0,0,1,0.02,8,7,80,2,164,48.78%,All
baldev singh,18,53,7,80%,5,0,0,0,0,0,5,6,53,2.66,94,56.38%,7
baldev singh,18,28,5,0,1,100,0,0,1,0.05,3,1,27,1.33,70,38.57%,6
nitin tomar,64,446,20,82.22%,906,47.01,10,14,426,6.65,2,0,20,0.28,73,27.39%,All
nitin tomar,11,52,11,74.13%,116,42.24,0,1,49,4.45,0,0,3,0.27,15,20%,7
nitin tomar,11,102,20,83.24%,191,52.35,1,4,100,9.09,0,0,2,0.18,9,22.22%,6
nitin tomar,20,177,18,86.23%,327,51.07,7,7,167,8.35,1,0,10,0.45,30,33.33%,5
nitin tomar,12,34,7,74.10%,112,29.46,1,0,33,2.75,0,0,1,0.08,8,12.50%,4
nitin tomar,10,81,13,84.37%,160,48.12,1,2,77,7.7,1,0,4,0.3,11,36.36%,3
nitin rawal,44,167,14,78.73%,301,40.53,6,2,122,2.77,6,1,45,0.88,94,47.87%,All
nitin rawal,14,51,8,75%,96,33.33,1,0,32,2.28,4,1,19,1.07,31,61.29%,7
nitin rawal,9,31,11,78.94%,57,43.85,1,0,25,2.77,1,0,6,0.55,11,54.54%,6
nitin rawal,21,85,14,81.08%,148,43.91,4,2,65,3.09,1,0,20,0.9,52,38.46%,5
neeraj kumar,35,63,11,60%,5,0,0,0,0,0,5,3,63,1.65,150,42%,All
neeraj kumar,18,50,11,75%,4,0,0,0,0,0,4,3,50,2.55,101,49.50%,7
neeraj kumar,17,13,4,0,1,0,0,0,0,0,1,0,13,0.7,49,26.53%,6
rinku narwal,46,91,7,88.88%,18,11.11,0,0,2,0.04,7,4,89,1.78,185,48.10%,All
rinku narwal,18,48,5,100%,3,0,0,0,0,0,2,3,48,2.55,100,48%,7
rinku narwal,15,21,5,71.42%,7,14.28,0,0,1,0.06,1,0,20,1.26,51,39.21%,6
rinku narwal,13,22,7,100%,8,12.5,0,0,1,0.07,4,1,21,1.3,34,61.76%,5
ravinder pahal,106,325,9,86.20%,58,24.13,0,0,14,0.13,19,22,311,2.75,626,49.68%,All
ravinder pahal,17,48,8,100%,1,0,0,0,0,0,0,2,48,2.82,107,44.85%,7
ravinder pahal,22,59,6,0,0,0,0,0,0,0,3,4,59,2.54,125,47.20%,6
ravinder pahal,19,54,7,83.33%,6,33.33,0,0,2,0.1,3,3,52,2.57,104,50%,5
ravinder pahal,14,37,6,0,0,0,0,0,0,0,2,3,37,2.5,72,51.38%,4
ravinder pahal,11,34,9,88.23%,34,23.52,0,0,8,0.72,4,2,26,2,58,44.82%,3
ravinder pahal,14,64,9,82.35%,17,23.52,0,0,4,0.28,7,5,60,3.78,96,62.50%,2
ravinder pahal,9,29,7,0,0,0,0,0,0,0,0,3,29,3.22,64,45.31%,1
sunil kumar,68,182,8,97.36%,76,3.94,0,0,3,0.04,12,10,179,2.45,331,54.07%,All
sunil kumar,18,47,7,100%,13,7.69,0,0,1,0.05,6,4,46,2.22,86,53.48%,7
sunil kumar,25,76,8,96.66%,30,0,0,0,0,0,4,3,76,2.88,140,54.28%,6
sunil kumar,24,58,7,96.77%,31,3.22,0,0,1,0.04,2,3,57,2.29,101,56.43%,5
sunil kumar,1,1,1,100%,2,50,0,0,1,1,0,0,0,0,4,0,4
jaideep,66,176,7,92.30%,13,0,0,0,0,0,10,12,176,2.51,388,45.36%,All
jaideep,18,47,7,0,0,0,0,0,0,0,3,3,47,2.44,100,47%,7
jaideep,22,58,5,87.50%,8,0,0,0,0,0,2,4,58,2.54,134,43.28%,6
jaideep,26,71,7,100%,5,0,0,0,0,0,5,5,71,2.53,154,46.10%,5
surinder singh,61,166,9,84.61%,13,30.76,1,0,4,0.06,5,7,162,2.57,374,43.31%,All
surinder singh,17,46,9,71.42%,7,57.14,1,0,4,0.23,2,2,42,2.35,95,44.21%,7
surinder singh,22,62,7,100%,3,0,0,0,0,0,3,2,62,2.68,127,48.81%,6
surinder singh,22,58,6,100%,3,0,0,0,0,0,0,3,58,2.63,152,38.15%,5
mahender singh,62,167,10,90%,20,5,0,0,1,0.01,13,12,166,2.46,325,51.07%,All
mahender singh,16,46,7,100%,8,0,0,0,0,0,7,3,46,2.43,90,51.11%,7
mahender singh,24,63,6,80%,10,0,0,0,0,0,1,6,63,2.58,122,51.63%,6
mahender singh,22,58,10,100%,2,50,0,0,1,0.04,5,3,57,2.36,113,50.44%,5
monu goyat,68,475,17,76.16%,944,47.98,7,20,453,6.66,3,0,22,0.27,85,25.88%,All
monu goyat,9,46,10,73.63%,110,39.09,0,1,43,4.77,1,0,3,0.22,10,30%,7
monu goyat,20,164,17,74.41%,301,53.15,3,10,160,8,0,0,4,0.2,27,14.81%,6
monu goyat,26,202,12,78.63%,365,52.32,4,9,191,7.34,1,0,11,0.38,35,31.42%,5
monu goyat,13,63,11,75.59%,168,35.11,0,0,59,4.53,1,0,4,0.23,13,30.76%,4
prashanth kumar rai,92,367,16,80.38%,678,52.8,8,11,358,3.89,3,0,9,0.06,46,19.56%,All
prashanth kumar rai,11,46,10,76%,75,61.33,0,1,46,4.18,0,0,0,0,5,0,7
prashanth kumar rai,21,147,13,81.99%,261,55.17,2,5,144,6.85,1,0,3,0.09,9,33.33%,6
prashanth kumar rai,16,80,16,82.55%,149,52.34,3,3,78,4.87,1,0,2,0.06,10,20%,5
prashanth kumar rai,9,19,10,76.92%,39,48.71,2,1,19,2.11,0,0,0,0,0,0,4
prashanth kumar rai,13,12,3,68.57%,35,34.28,0,0,12,0.92,0,0,0,0,4,0,3
prashanth kumar rai,15,58,10,82.07%,106,50.94,1,1,54,3.6,1,0,4,0.2,10,40%,2
prashanth kumar rai,7,5,2,76.92%,13,38.46,0,0,5,0.71,0,0,0,0,8,0,1
rishank devadiga,116,640,28,74.76%,1256,47.29,25,10,594,5.12,2,0,46,0.37,142,32.39%,All
rishank devadiga,13,46,9,83.60%,122,36.88,2,0,45,3.46,0,0,1,0.07,8,12.50%,7
rishank devadiga,23,104,10,79.77%,262,38.16,3,1,100,4.34,0,0,4,0.17,19,21.05%,6
rishank devadiga,21,170,28,75.73%,305,54.09,12,5,165,7.85,1,0,5,0.19,16,31.25%,5
rishank devadiga,14,70,11,70.21%,141,49.64,2,2,70,5,0,0,0,0,17,0,4
rishank devadiga,16,115,14,74.45%,184,57.6,4,2,106,6.62,1,0,9,0.5,22,40.90%,3
rishank devadiga,13,58,8,67.50%,120,36.66,0,0,44,3.38,0,0,14,1.07,26,53.84%,2
rishank devadiga,16,77,9,65.57%,122,52.45,2,0,64,4,0,0,13,0.81,34,38.23%,1
suraj desai,12,45,18,69.90%,103,42.71,1,1,44,3.66,0,0,1,0.08,7,14.28%,All
suraj desai,12,45,18,69.90%,103,42.71,1,1,44,3.66,0,0,1,0.08,7,14.28%,7
suraj desai,0,0,0,0,0,0,0,0,0,0,0,0,0,0,0,0,6
suraj desai,0,0,0,0,0,0,0,0,0,0,0,0,0,0,0,0,5
farhad rahimi milaghardan,56,120,5,80%,145,34.48,0,0,50,0.89,4,1,70,1.17,179,39.10%,All
farhad rahimi milaghardan,16,45,5,83.58%,67,32.83,0,0,22,1.37,0,0,23,1.43,56,41.07%,7
farhad rahimi milaghardan,22,47,5,81.66%,60,36.66,0,0,22,1,4,1,25,0.95,69,36.23%,6
farhad rahimi milaghardan,18,28,4,61.11%,18,33.33,0,0,6,0.33,0,0,22,1.22,54,40.74%,5
rohit baliyan,66,294,11,80.78%,609,43.51,6,3,265,4.01,2,0,29,0.4,91,31.86%,All
rohit baliyan,14,44,9,79.03%,124,32.25,2,0,40,2.85,1,0,4,0.21,10,40%,7
rohit baliyan,19,108,11,83.51%,188,50,1,0,94,4.94,1,0,14,0.68,32,43.75%,6
rohit baliyan,17,74,11,79.39%,165,39.39,1,1,65,3.82,0,0,9,0.52,28,32.14%,5
rohit baliyan,0,0,0,0,0,0,0,0,0,0,0,0,0,0,0,0,4
rohit baliyan,11,56,11,81.30%,107,50.46,2,2,54,4.9,0,0,2,0.18,17,11.76%,3
rohit baliyan,5,12,7,76%,25,48,0,0,12,2.4,0,0,0,0,4,0,2
nitesh kumar,61,192,8,72.72%,11,18.18,0,0,2,0.03,14,14,190,2.88,320,59.37%,All
nitesh kumar,17,44,7,0,2,50,0,0,1,0.05,5,2,43,2.23,75,57.33%,7
nitesh kumar,25,101,8,85.71%,7,14.28,0,0,1,0.04,8,8,100,3.68,154,64.93%,6
nitesh kumar,19,47,5,100%,2,0,0,0,0,0,1,4,47,2.42,91,51.64%,5
nilesh salunke,77,305,15,78.07%,716,40.64,9,5,291,3.77,2,0,14,0.15,58,24.13%,All
nilesh salunke,15,43,15,77.06%,109,37.61,1,1,41,2.73,0,0,2,0.13,6,33.33%,7
nilesh salunke,19,85,9,73.63%,201,40.29,4,0,81,4.26,0,0,4,0.21,21,19.04%,6
nilesh salunke,21,105,11,83.80%,247,39.67,2,3,98,4.66,2,0,7,0.23,18,38.88%,5
nilesh salunke,15,62,10,75.53%,139,43.88,1,1,61,4.06,0,0,1,0.06,10,10%,4
nilesh salunke,7,10,5,75%,20,50,1,0,10,1.42,0,0,0,0,3,0,3
jang kun lee,102,476,15,77.92%,1010,44.85,14,9,453,4.44,3,0,23,0.19,98,23.46%,All
jang kun lee,12,43,8,81%,100,42,0,0,42,3.5,0,0,1,0.08,9,11.11%,7
jang kun lee,18,82,12,77.77%,171,46.19,2,2,79,4.38,1,0,3,0.11,11,27.27%,6
jang kun lee,21,89,9,78.77%,212,41.98,0,0,89,4.23,0,0,0,0,12,0,5
jang kun lee,11,65,13,76.66%,120,50.83,2,2,61,5.54,0,0,4,0.36,17,23.52%,4
jang kun lee,15,90,13,83.15%,184,42.93,2,2,79,5.26,2,0,11,0.6,20,55%,3
jang kun lee,14,50,12,72.85%,140,34.28,3,1,48,3.42,0,0,2,0.14,15,13.33%,2
jang kun lee,11,57,15,71.08%,83,66.26,5,2,55,5,0,0,2,0.18,14,14.28%,1
joginder singh narwal,77,171,6,100%,6,66.66,0,0,4,0.05,10,2,167,2.03,341,48.97%,All
joginder singh narwal,17,43,6,0,0,0,0,0,0,0,4,1,43,2.29,79,54.43%,7
joginder singh narwal,22,51,5,0,0,0,0,0,0,0,4,1,51,2.13,111,45.94%,6
joginder singh narwal,8,9,3,0,0,0,0,0,0,0,0,0,9,1.12,24,37.50%,5
joginder singh narwal,16,38,6,100%,6,66.66,0,0,4,0.25,2,0,34,2,69,49.27%,4
joginder singh narwal,0,0,0,0,0,0,0,0,0,0,0,0,0,0,0,0,3
joginder singh narwal,14,30,4,0,0,0,0,0,0,0,0,0,30,2.14,58,51.72%,2
saurabh nandal,17,43,8,100%,1,100,0,0,1,0.05,5,4,42,2.17,78,53.84%,All
saurabh nandal,17,43,8,100%,1,100,0,0,1,0.05,5,4,42,2.17,78,53.84%,7
hadi oshtorak,68,118,5,86.53%,52,28.84,0,0,15,0.22,14,3,103,1.3,232,44.39%,All
hadi oshtorak,18,42,5,94.73%,38,21.05,0,0,8,0.44,6,1,34,1.55,74,45.94%,7
hadi oshtorak,13,18,5,81.81%,11,54.54,0,0,6,0.46,0,0,12,0.92,29,41.37%,6
hadi oshtorak,16,20,4,0,0,0,0,0,0,0,3,0,20,1.06,55,36.36%,5
hadi oshtorak,7,13,5,0,1,100,0,0,1,0.14,3,1,12,1.28,21,57.14%,4
hadi oshtorak,10,18,4,0,1,0,0,0,0,0,1,0,18,1.7,40,45%,3
hadi oshtorak,4,7,5,0,1,0,0,0,0,0,1,1,7,1.5,13,53.84%,2
sunil,37,83,6,100%,3,0,0,0,0,0,1,5,83,2.21,213,38.96%,All
sunil,15,42,6,0,0,0,0,0,0,0,1,3,42,2.73,91,46.15%,7
sunil,22,41,5,100%,3,0,0,0,0,0,0,2,41,1.86,122,33.60%,6
deepak narwal,79,309,15,74.33%,709,41.74,4,8,296,3.74,1,0,13,0.15,45,28.88%,All
deepak narwal,15,41,9,71.54%,123,32.52,0,0,40,2.66,0,0,1,0.06,6,16.66%,7
deepak narwal,17,74,13,75%,140,50,1,3,70,4.11,0,0,4,0.23,9,44.44%,6
deepak narwal,16,87,11,77.54%,187,45.45,1,4,85,5.31,0,0,2,0.12,10,20%,5
deepak narwal,6,13,5,68.51%,54,24.07,1,0,13,2.16,0,0,0,0,1,0,4
deepak narwal,9,33,15,82.75%,58,53.44,0,1,31,3.44,1,0,2,0.11,5,40%,3
deepak narwal,16,61,10,70.74%,147,38.77,1,0,57,3.56,0,0,4,0.25,14,28.57%,2
manjeet chhillar,108,563,14,81.08%,719,31.15,5,2,224,2.07,15,23,339,3,621,54.58%,All
manjeet chhillar,15,41,6,68.42%,19,21.05,0,0,4,0.26,2,2,37,2.33,81,45.67%,7
manjeet chhillar,19,67,8,79.31%,29,27.58,0,0,8,0.42,5,2,59,2.84,121,48.76%,6
manjeet chhillar,15,52,9,68.96%,29,17.24,0,0,5,0.33,1,3,47,3.06,85,55.29%,5
manjeet chhillar,12,68,11,75.32%,77,31.16,1,0,24,2,1,5,44,3.58,73,60.27%,4
manjeet chhillar,15,106,13,91.81%,171,26.31,2,0,45,3,5,5,61,3.73,99,61.61%,3
manjeet chhillar,16,107,11,85.25%,217,30.87,0,0,67,4.18,1,3,40,2.43,78,51.28%,2
manjeet chhillar,16,122,14,71.75%,177,40.11,2,2,71,4.43,0,3,51,3.18,84,60.71%,1
parvesh bhainswal,74,177,8,100%,1,0,0,0,0,0,10,10,177,2.25,320,55.31%,All
parvesh bhainswal,18,40,7,0,0,0,0,0,0,0,2,3,40,2.11,76,52.63%,7
parvesh bhainswal,25,86,8,100%,1,0,0,0,0,0,4,5,86,3.28,138,62.31%,6
parvesh bhainswal,24,48,5,0,0,0,0,0,0,0,4,2,48,1.83,89,53.93%,5
parvesh bhainswal,7,3,2,0,0,0,0,0,0,0,0,0,3,0.42,17,17.64%,4
amit sheoran,37,78,6,0,1,0,0,0,0,0,5,5,78,1.97,156,50%,All
amit sheoran,18,40,6,0,1,0,0,0,0,0,3,3,40,2.05,79,50.63%,7
amit sheoran,15,38,5,0,0,0,0,0,0,0,2,2,38,2.4,71,53.52%,6
amit sheoran,4,0,0,0,0,0,0,0,0,0,0,0,0,0,6,0,5
vishal,23,59,9,78.57%,14,21.42,0,0,3,0.13,12,2,56,1.91,112,50%,All
vishal,12,38,9,100%,1,0,0,0,0,0,7,1,38,2.58,63,60.31%,7
vishal,6,10,3,100%,6,16.66,0,0,1,0.16,2,0,9,1.16,26,34.61%,6
vishal,5,11,7,57.14%,7,28.57,0,0,2,0.4,3,1,9,1.2,23,39.13%,5
mohammad esmaeil maghsoudlou mahalli,17,38,9,75.70%,107,28.97,0,0,31,1.82,2,0,7,0.29,19,36.84%,All
mohammad esmaeil maghsoudlou mahalli,17,38,9,75.70%,107,28.97,0,0,31,1.82,2,0,7,0.29,19,36.84%,7
dharmaraj cheralathan,114,294,9,94.25%,174,24.13,0,0,42,0.36,24,12,252,2,466,54.07%,All
dharmaraj cheralathan,15,38,5,93.75%,16,12.5,0,0,2,0.13,3,1,36,2.2,75,48%,7
dharmaraj cheralathan,22,40,6,95.45%,22,0,0,0,0,0,3,1,40,1.68,69,57.97%,6
dharmaraj cheralathan,18,25,4,100%,15,0,0,0,0,0,1,0,25,1.33,64,39.06%,5
dharmaraj cheralathan,14,41,9,100%,28,7.14,0,0,2,0.14,8,4,39,2.21,63,61.90%,4
dharmaraj cheralathan,14,37,8,80%,20,30,0,0,6,0.42,3,2,31,2,58,53.44%,3
dharmaraj cheralathan,15,61,9,95.23%,42,45.23,0,0,19,1.26,1,2,42,2.73,68,61.76%,2
dharmaraj cheralathan,16,52,7,93.54%,31,41.93,0,0,13,0.81,5,2,39,2.12,69,56.52%,1
mohit chhillar,108,284,8,90.62%,32,21.87,0,0,7,0.06,23,18,277,2.35,552,50.18%,All
mohit chhillar,17,37,5,100%,2,0,0,0,0,0,3,1,37,2,78,47.43%,7
mohit chhillar,14,31,4,75%,4,0,0,0,0,0,3,0,31,2,69,44.92%,6
mohit chhillar,20,42,7,88.88%,9,33.33,0,0,3,0.15,4,2,39,1.75,83,46.98%,5
mohit chhillar,14,50,8,87.50%,8,37.5,0,0,3,0.21,3,4,47,3.14,87,54.02%,4
mohit chhillar,13,46,6,100%,3,0,0,0,0,0,2,6,46,3.38,74,62.16%,3
mohit chhillar,14,42,5,100%,5,0,0,0,0,0,3,3,42,2.78,72,58.33%,2
mohit chhillar,16,36,8,100%,1,100,0,0,1,0.06,5,2,35,1.87,89,39.32%,1
sumit singh,31,60,7,69.40%,134,38.05,0,0,51,1.64,2,0,9,0.22,25,36%,All
sumit singh,14,36,7,67.07%,82,40.24,0,0,33,2.35,1,0,3,0.14,10,30%,7
sumit singh,8,15,4,77.77%,27,40.74,0,0,11,1.37,0,0,4,0.5,10,40%,6
sumit singh,4,0,0,60%,5,0,0,0,0,0,0,0,0,0,0,0,5
sumit singh,5,9,4,70%,20,35,0,0,7,1.4,1,0,2,0.2,5,40%,4
athul ms,36,100,8,62.44%,213,46.47,0,0,99,2.75,0,0,1,0.02,20,5%,All
athul ms,13,36,8,65.95%,94,38.29,0,0,36,2.76,0,0,0,0,3,0,7
athul ms,19,56,8,60%,105,52.38,0,0,55,2.89,0,0,1,0.05,16,6.25%,6
athul ms,0,0,0,0,0,0,0,0,0,0,0,0,0,0,0,0,5
athul ms,4,8,7,57.14%,14,57.14,0,0,8,2,0,0,0,0,1,0,4
monu,51,142,7,75%,264,28.4,2,0,75,1.47,10,1,67,1.11,117,57.26%,All
monu,18,36,5,79.36%,63,17.46,0,0,11,0.61,7,0,25,1,40,62.50%,7
monu,14,57,7,70.16%,124,36.29,1,0,45,3.21,2,0,12,0.71,23,52.17%,6
monu,19,49,6,79.22%,77,24.67,1,0,19,1,1,1,30,1.52,54,55.55%,5
amit kumar,18,43,9,69.66%,89,28.08,1,0,25,1.38,1,0,18,0.94,40,45%,All
amit kumar,12,35,9,66.66%,60,28.33,0,0,17,1.41,1,0,18,1.41,37,48.64%,7
amit kumar,6,8,5,75.86%,29,27.58,1,0,8,1.33,0,0,0,0,3,0,6
vikas kale,57,95,6,90.90%,11,0,0,0,0,0,7,4,95,1.54,267,35.58%,All
vikas kale,16,35,6,66.66%,3,0,0,0,0,0,1,2,35,2.12,90,38.88%,7
vikas kale,22,39,5,100%,4,0,0,0,0,0,3,1,39,1.63,118,33.05%,6
vikas kale,2,0,0,0,0,0,0,0,0,0,0,0,0,0,1,0,5
vikas kale,0,0,0,0,0,0,0,0,0,0,0,0,0,0,0,0,4
vikas kale,9,12,3,0,0,0,0,0,0,0,0,0,12,1.33,34,35.29%,3
vikas kale,8,9,5,100%,4,0,0,0,0,0,3,1,9,0.75,24,37.50%,2
ran singh,116,324,9,80.34%,229,42.79,4,0,98,0.84,12,4,226,1.84,469,48.18%,All
ran singh,17,35,4,69.23%,13,61.53,0,0,8,0.47,1,0,27,1.52,61,44.26%,7
ran singh,22,71,7,83.33%,72,40.27,1,0,29,1.31,1,0,42,1.86,88,47.72%,6
ran singh,23,64,7,81.48%,27,44.44,0,0,12,0.52,3,2,52,2.13,112,46.42%,5
ran singh,16,33,4,100%,9,55.55,0,0,5,0.31,1,0,28,1.68,62,45.16%,4
ran singh,14,41,5,75.43%,57,35.08,2,0,20,1.42,0,0,21,1.5,52,40.38%,3
ran singh,14,44,9,85.71%,35,37.14,0,0,13,0.92,4,1,31,1.92,53,58.49%,2
ran singh,10,36,8,68.75%,16,68.75,1,0,11,1.1,2,1,25,2.3,41,60.97%,1
abozar mohajermighani,61,156,6,92.10%,38,5.26,0,0,2,0.03,13,6,154,2.31,289,53.28%,All
abozar mohajermighani,16,34,4,66.66%,6,16.66,0,0,1,0.06,3,0,33,1.87,75,44%,7
abozar mohajermighani,21,56,6,100%,26,0,0,0,0,0,8,4,56,2.28,98,57.14%,6
abozar mohajermighani,24,66,5,83.33%,6,16.66,0,0,1,0.04,2,2,65,2.62,116,56.03%,5
ravi kumar,90,150,8,88.23%,34,0,0,0,0,0,18,7,150,1.46,329,45.59%,All
ravi kumar,15,34,6,100%,2,0,0,0,0,0,4,2,34,2,71,47.88%,7
ravi kumar,22,40,6,100%,2,0,0,0,0,0,7,2,40,1.5,96,41.66%,6
ravi kumar,23,30,4,100%,2,0,0,0,0,0,2,0,30,1.21,68,44.11%,5
ravi kumar,5,0,0,100%,5,0,0,0,0,0,0,0,0,0,9,0,4
ravi kumar,12,9,2,0,1,0,0,0,0,0,1,0,9,0.66,24,37.50%,3
ravi kumar,13,37,8,86.36%,22,0,0,0,0,0,4,3,37,2.53,61,60.65%,2
vijay,56,171,8,84.43%,257,43.19,2,0,111,1.98,4,1,60,1,159,37.73%,All
vijay,16,34,6,84.12%,63,38.09,1,0,24,1.5,0,0,10,0.62,32,31.25%,7
vijay,21,73,8,81.08%,111,54.05,0,0,60,2.85,1,0,13,0.57,44,29.54%,6
vijay,19,64,7,89.15%,83,32.53,1,0,27,1.42,3,1,37,1.78,83,44.57%,5
sonu jaglan,13,33,8,72.46%,69,42.02,3,0,29,2.23,1,0,4,0.23,4,100%,All
sonu jaglan,13,33,8,72.46%,69,42.02,3,0,29,2.23,1,0,4,0.23,4,100%,7
meraj sheykh,94,393,15,78.95%,860,39.41,17,6,339,3.6,6,0,54,0.51,146,36.98%,All
meraj sheykh,12,31,12,68.75%,64,46.87,1,1,30,2.5,0,0,1,0.08,2,50%,7
meraj sheykh,19,97,15,77.46%,213,44.13,6,2,94,4.94,0,0,3,0.15,16,18.75%,6
meraj sheykh,20,104,14,82.53%,292,32.87,3,2,96,4.8,0,0,8,0.4,37,21.62%,5
meraj sheykh,14,75,11,85.39%,178,35.39,4,0,63,4.5,3,0,12,0.64,30,40%,4
meraj sheykh,14,48,11,71.42%,70,38.57,0,0,27,1.92,3,0,21,1.28,38,55.26%,3
meraj sheykh,15,38,11,62.79%,43,67.44,3,1,29,1.93,0,0,9,0.6,23,39.13%,2
amit hooda,84,233,8,81.13%,53,16.98,0,0,9,0.1,18,11,224,2.45,420,53.33%,All
amit hooda,12,31,5,100%,3,0,0,0,0,0,3,2,31,2.33,61,50.81%,7
amit hooda,18,51,8,0,2,100,0,0,2,0.11,4,4,49,2.5,85,57.64%,6
amit hooda,22,61,6,85.71%,7,0,0,0,0,0,6,2,61,2.5,117,52.13%,5
amit hooda,16,53,6,0,2,100,0,0,2,0.12,4,3,51,2.93,89,57.30%,4
amit hooda,4,11,3,100%,4,0,0,0,0,0,0,0,11,2.75,27,40.74%,3
amit hooda,12,26,5,85.71%,35,14.28,0,0,5,0.41,1,0,21,1.66,41,51.21%,2
ashu singh,17,31,4,100%,1,0,0,0,0,0,2,0,31,1.7,74,41.89%,All
ashu singh,17,31,4,100%,1,0,0,0,0,0,2,0,31,1.7,74,41.89%,7
girish maruti ernak,102,266,8,92.53%,67,13.43,1,0,9,0.08,14,16,257,2.38,555,46.30%,All
girish maruti ernak,13,29,6,0,0,0,0,0,0,0,3,1,29,2,72,40.27%,7
girish maruti ernak,20,57,6,87.50%,8,12.5,0,0,1,0.05,4,4,56,2.6,113,49.55%,6
girish maruti ernak,21,69,8,88.88%,18,27.77,1,0,5,0.23,3,5,64,2.9,111,57.65%,5
girish maruti ernak,12,25,5,100%,13,0,0,0,0,0,2,1,25,1.91,58,43.10%,4
girish maruti ernak,11,34,5,94.11%,17,5.88,0,0,1,0.09,0,3,33,3,65,50.76%,3
girish maruti ernak,13,27,5,100%,5,0,0,0,0,0,1,1,27,2,66,40.90%,2
girish maruti ernak,12,25,6,83.33%,6,33.33,0,0,2,0.16,1,1,23,1.83,70,32.85%,1
jeeva kumar,110,225,9,100%,4,25,0,0,1,0,22,5,224,1.83,482,46.47%,All
jeeva kumar,17,29,4,0,0,0,0,0,0,0,1,0,29,1.64,75,38.66%,7
jeeva kumar,19,40,5,100%,1,0,0,0,0,0,4,1,40,1.89,90,44.44%,6
jeeva kumar,22,44,5,100%,2,0,0,0,0,0,7,1,44,1.68,104,42.30%,5
jeeva kumar,14,26,4,0,0,0,0,0,0,0,2,0,26,1.71,62,41.93%,4
jeeva kumar,16,31,4,0,0,0,0,0,0,0,1,0,31,1.87,62,50%,3
jeeva kumar,13,39,9,100%,1,100,0,0,1,0.07,7,3,38,2.38,58,65.51%,2
jeeva kumar,9,16,4,0,0,0,0,0,0,0,0,0,16,1.77,31,51.61%,1
sukesh hegde,95,395,15,83.40%,922,41.21,15,1,380,4,2,0,15,0.13,91,16.48%,All
sukesh hegde,11,29,8,84.37%,64,43.75,2,0,28,2.54,0,0,1,0.09,2,50%,7
sukesh hegde,17,71,9,82.38%,176,38.63,3,0,68,4,1,0,3,0.11,19,15.78%,6
sukesh hegde,18,77,15,87.65%,235,31.91,2,1,75,4.16,0,0,2,0.11,13,15.38%,5
sukesh hegde,9,7,3,78.94%,38,18.42,0,0,7,0.77,0,0,0,0,7,0,4
sukesh hegde,13,64,9,80.13%,146,41.78,0,0,61,4.69,1,0,3,0.15,16,18.75%,3
sukesh hegde,13,64,9,83.45%,133,46.61,5,0,62,4.76,0,0,2,0.15,13,15.38%,2
sukesh hegde,14,83,9,81.53%,130,60.76,3,0,79,5.64,0,0,4,0.28,21,19.04%,1
shabeer bappu,74,236,15,83.04%,637,33.43,5,5,213,2.87,7,1,23,0.21,85,27.05%,All
shabeer bappu,14,29,5,87.09%,93,23.65,0,0,22,1.57,1,0,7,0.42,22,31.81%,7
shabeer bappu,6,7,5,65.38%,26,26.92,0,0,7,1.16,0,0,0,0,7,0,6
shabeer bappu,12,38,13,80.55%,108,32.4,0,1,35,2.91,1,0,3,0.16,14,21.42%,5
shabeer bappu,12,35,10,90%,100,24,1,0,24,2,5,1,11,0.5,19,57.89%,4
shabeer bappu,10,13,4,71.64%,67,19.4,0,0,13,1.3,0,0,0,0,4,0,3
shabeer bappu,10,47,10,79.83%,124,37.09,2,1,46,4.6,0,0,1,0.1,6,16.66%,2
shabeer bappu,10,67,15,89.91%,119,55.46,2,3,66,6.6,0,0,1,0.1,13,7.69%,1
rajnish,12,37,10,75.86%,87,41.37,1,1,36,3,0,0,1,0.08,9,11.11%,All
rajnish,8,28,10,78.68%,61,44.26,1,1,27,3.37,0,0,1,0.12,6,16.66%,7
rajnish,4,9,5,69.23%,26,34.61,0,0,9,2.25,0,0,0,0,3,0,6
jadhav balasaheb shahaji,16,27,5,0,0,0,0,0,0,0,5,2,27,1.37,50,54%,All
jadhav balasaheb shahaji,16,27,5,0,0,0,0,0,0,0,5,2,27,1.37,50,54%,7
vikas jaglan,45,75,9,78.81%,118,35.59,2,0,42,0.93,0,0,33,0.73,95,34.73%,All
vikas jaglan,18,25,6,80.39%,51,21.56,0,0,11,0.61,0,0,14,0.77,49,28.57%,7
vikas jaglan,14,37,9,78.57%,42,50,1,0,21,1.5,0,0,16,1.14,37,43.24%,6
vikas jaglan,13,13,5,76%,25,40,1,0,10,0.76,0,0,3,0.23,9,33.33%,5
pawan kumar kadian,74,279,17,75.49%,653,42.41,4,5,277,3.74,0,0,2,0.02,37,5.40%,All
pawan kumar kadian,6,25,10,79.66%,59,42.37,0,1,25,4.16,0,0,0,0,2,0,7
pawan kumar kadian,13,45,9,80%,90,50,1,0,45,3.46,0,0,0,0,5,0,6
pawan kumar kadian,21,122,17,75.70%,284,42.95,2,3,122,5.8,0,0,0,0,13,0,5
pawan kumar kadian,9,21,6,75.75%,66,30.3,0,0,20,2.22,0,0,1,0.11,7,14.28%,4
pawan kumar kadian,5,6,3,80%,25,24,0,0,6,1.2,0,0,0,0,2,0,3
pawan kumar kadian,10,16,7,61.90%,42,38.09,1,0,16,1.6,0,0,0,0,1,0,2
pawan kumar kadian,10,44,14,72.41%,87,49.42,0,1,43,4.3,0,0,1,0.1,7,14.28%,1
rakesh gowda,7,24,7,81.81%,44,36.36,0,0,16,2.28,3,0,8,0.71,14,57.14%,All
rakesh gowda,7,24,7,81.81%,44,36.36,0,0,16,2.28,3,0,8,0.71,14,57.14%,7
amit,31,30,4,100%,14,14.28,0,0,2,0.06,3,0,28,0.8,92,30.43%,All
amit,17,24,4,100%,14,14.28,0,0,2,0.11,2,0,22,1.17,61,36.06%,7
amit,14,6,2,0,0,0,0,0,0,0,1,0,6,0.35,31,19.35%,6
vishal mane,122,193,6,50%,2,0,0,0,0,0,9,8,193,1.5,497,38.83%,All
vishal mane,17,21,3,0,0,0,0,0,0,0,0,0,21,1.23,63,33.33%,7
vishal mane,22,38,6,0,0,0,0,0,0,0,2,3,38,1.63,95,40%,6
vishal mane,26,39,6,100%,1,0,0,0,0,0,3,1,39,1.38,113,34.51%,5
vishal mane,14,31,6,0,1,0,0,0,0,0,3,2,31,2,66,46.96%,4
vishal mane,13,16,3,0,0,0,0,0,0,0,0,0,16,1.23,35,45.71%,3
vishal mane,14,26,5,0,0,0,0,0,0,0,0,1,26,1.85,53,49.05%,2
vishal mane,16,20,5,0,0,0,0,0,0,0,1,1,20,1.18,65,30.76%,1
c  arun,85,109,8,90.90%,33,12.12,0,0,4,0.04,15,3,105,1.05,269,39.03%,All
c  arun,16,21,6,100%,3,66.66,0,0,2,0.12,3,1,19,1,52,36.53%,7
c  arun,16,8,2,100%,3,0,0,0,0,0,0,0,8,0.5,36,22.22%,6
c  arun,20,36,8,93.75%,16,6.25,0,0,1,0.05,5,1,35,1.5,83,42.16%,5
c  arun,14,15,3,100%,2,0,0,0,0,0,1,0,15,1,40,37.50%,4
c  arun,11,18,7,77.77%,9,11.11,0,0,1,0.09,5,1,17,1.09,35,48.57%,3
c  arun,8,11,3,0,0,0,0,0,0,0,1,0,11,1.25,23,47.82%,2
anil kumar,51,74,4,84.84%,33,9.09,0,0,3,0.05,4,0,71,1.31,178,39.88%,All
anil kumar,13,20,4,100%,3,0,0,0,0,0,0,0,20,1.53,57,35.08%,7
anil kumar,18,30,4,77.77%,9,11.11,0,0,1,0.05,4,0,29,1.38,60,48.33%,6
anil kumar,5,1,1,100%,4,0,0,0,0,0,0,0,1,0.2,3,33.33%,5
anil kumar,4,2,2,100%,2,0,0,0,0,0,0,0,2,0.5,7,28.57%,4
anil kumar,11,21,4,80%,15,13.33,0,0,2,0.18,0,0,19,1.72,51,37.25%,3
sushil gulia,7,20,8,68.75%,48,39.58,2,0,19,2.71,0,0,1,0.14,4,25%,All
sushil gulia,7,20,8,68.75%,48,39.58,2,0,19,2.71,0,0,1,0.14,4,25%,7
ajinkya ashok pawar,31,94,9,70.30%,229,39.3,1,0,90,2.9,1,0,4,0.09,15,26.66%,All
ajinkya ashok pawar,14,19,5,62.12%,66,28.78,0,0,19,1.35,0,0,0,0,2,0,7
ajinkya ashok pawar,17,75,9,73.61%,163,43.55,1,0,71,4.17,1,0,4,0.17,13,30.76%,6
shubham shinde,23,30,3,89.47%,19,5.26,0,0,1,0.04,5,0,29,1.04,82,35.36%,All
shubham shinde,13,18,3,100%,8,12.5,0,0,1,0.07,2,0,17,1.15,44,38.63%,7
shubham shinde,10,12,3,81.81%,11,0,0,0,0,0,3,0,12,0.9,38,31.57%,6
harendra kumar,15,17,5,0,0,0,0,0,0,0,1,1,17,1.06,51,33.33%,All
harendra kumar,15,17,5,0,0,0,0,0,0,0,1,1,17,1.06,51,33.33%,7
mohit sehrawat,12,17,5,76.74%,43,11.62,0,0,5,0.41,2,1,12,0.83,31,38.70%,All
mohit sehrawat,12,17,5,76.74%,43,11.62,0,0,5,0.41,2,1,12,0.83,31,38.70%,7
hadi tajik,27,27,4,50%,18,27.77,0,0,5,0.18,1,0,22,0.77,68,32.35%,All
hadi tajik,11,17,4,66.66%,6,16.66,0,0,1,0.09,1,0,16,1.36,37,43.24%,7
hadi tajik,5,0,0,0,0,0,0,0,0,0,0,0,0,0,6,0,6
hadi tajik,9,9,2,41.66%,12,33.33,0,0,4,0.44,0,0,5,0.55,23,21.73%,5
hadi tajik,1,1,1,0,0,0,0,0,0,0,0,0,1,1,1,100%,4
hadi tajik,1,0,0,0,0,0,0,0,0,0,0,0,0,0,1,0,3
pankaj,21,33,6,57.14%,7,0,0,0,0,0,0,1,33,1.57,83,39.75%,All
pankaj,7,16,6,100%,1,0,0,0,0,0,0,1,16,2.28,31,51.61%,7
pankaj,1,1,1,0,0,0,0,0,0,0,0,0,1,1,3,33.33%,6
pankaj,13,16,3,50%,6,0,0,0,0,0,0,0,16,1.23,49,32.65%,5
banty,10,15,4,62.50%,32,40.62,0,0,13,1.3,0,0,2,0.2,5,40%,All
banty,10,15,4,62.50%,32,40.62,0,0,13,1.3,0,0,2,0.2,5,40%,7
sumit malik,14,15,4,0,0,0,0,0,0,0,1,0,15,1,32,46.87%,All
sumit malik,14,15,4,0,0,0,0,0,0,0,1,0,15,1,32,46.87%,7
ajeet,14,14,3,0,0,0,0,0,0,0,1,0,14,0.92,51,27.45%,All
ajeet,14,14,3,0,0,0,0,0,0,0,1,0,14,0.92,51,27.45%,7
santhapanaselvam,30,43,4,100%,1,0,0,0,0,0,3,0,43,1.33,103,41.74%,All
santhapanaselvam,6,14,4,0,0,0,0,0,0,0,1,0,14,2.16,26,53.84%,7
santhapanaselvam,14,14,3,100%,1,0,0,0,0,0,2,0,14,0.85,46,30.43%,6
santhapanaselvam,10,15,3,0,0,0,0,0,0,0,0,0,15,1.5,31,48.38%,5
vineet sharma,40,63,6,79.81%,213,18.3,0,0,39,0.97,2,0,24,0.55,71,33.80%,All
vineet sharma,10,14,5,68.75%,16,43.75,0,0,7,0.7,1,0,7,0.6,14,50%,7
vineet sharma,0,0,0,0,0,0,0,0,0,0,0,0,0,0,0,0,6
vineet sharma,18,30,4,86.53%,104,15.38,0,0,16,0.88,1,0,14,0.72,41,34.14%,5
vineet sharma,4,9,6,78.37%,37,21.62,0,0,8,2,0,0,1,0.25,4,25%,4
vineet sharma,8,10,4,71.42%,56,14.28,0,0,8,1,0,0,2,0.25,12,16.66%,3
sagar b krishna,58,70,7,89.47%,19,5.26,0,0,1,0.01,7,5,69,1.06,146,47.26%,All
sagar b krishna,10,13,7,0,0,0,0,0,0,0,3,1,13,1,23,56.52%,7
sagar b krishna,20,18,5,88.88%,9,0,0,0,0,0,1,1,18,0.85,45,40%,6
sagar b krishna,17,33,6,90%,10,10,0,0,1,0.05,3,3,32,1.7,62,51.61%,5
sagar b krishna,11,6,2,0,0,0,0,0,0,0,0,0,6,0.54,16,37.50%,4
amit kumar,11,17,3,92.59%,54,7.4,0,0,4,0.36,2,0,13,1,29,44.82%,All
amit kumar,9,13,3,93.61%,47,6.38,0,0,3,0.33,2,0,10,0.88,21,47.61%,7
amit kumar,2,4,3,85.71%,7,14.28,0,0,1,0.5,0,0,3,1.5,8,37.50%,6
amit kumar,5,13,5,56%,25,44,0,0,11,2.2,1,0,2,0.2,2,100%,All
amit kumar,5,13,5,56%,25,44,0,0,11,2.2,1,0,2,0.2,2,100%,7
ankit,12,13,3,0,0,0,0,0,0,0,2,0,13,0.91,31,41.93%,All
ankit,12,13,3,0,0,0,0,0,0,0,2,0,13,0.91,31,41.93%,7
selvamani k,55,155,11,79.03%,353,42.2,7,2,149,2.7,0,0,6,0.1,28,21.42%,All
selvamani k,6,12,5,71.42%,35,28.57,1,0,10,1.66,0,0,2,0.33,3,66.66%,7
selvamani k,15,41,11,76.82%,82,46.34,3,1,38,2.53,0,0,3,0.2,9,33.33%,6
selvamani k,3,4,2,57.14%,14,28.57,0,0,4,1.33,0,0,0,0,0,0,5
selvamani k,13,45,7,82.07%,106,42.45,1,0,45,3.46,0,0,0,0,8,0,4
selvamani k,8,39,10,83.69%,92,41.3,1,1,38,4.75,0,0,1,0.12,6,16.66%,3
selvamani k,10,14,5,79.16%,24,58.33,1,0,14,1.4,0,0,0,0,2,0,2
sachin narwal,11,12,4,78.12%,32,34.37,1,0,11,1,0,0,1,0.09,5,20%,All
sachin narwal,11,12,4,78.12%,32,34.37,1,0,11,1,0,0,1,0.09,5,20%,7
pavan t  r ,13,11,3,0,0,0,0,0,0,0,2,0,11,0.69,31,35.48%,All
pavan t  r ,13,11,3,0,0,0,0,0,0,0,2,0,11,0.69,31,35.48%,7
surender singh,48,145,11,69.37%,320,42.5,4,2,136,2.83,0,0,9,0.18,53,16.98%,All
surender singh,4,11,5,52.17%,23,43.47,0,0,10,2.5,0,0,1,0.25,4,25%,7
surender singh,1,0,0,0,1,0,0,0,0,0,0,0,0,0,1,0,6
surender singh,18,70,11,73.28%,131,51.9,2,2,68,3.77,0,0,2,0.11,23,8.69%,5
surender singh,11,11,3,58.13%,43,20.93,0,0,9,0.81,0,0,2,0.18,8,25%,4
surender singh,12,45,9,74.52%,106,41.5,2,0,44,3.66,0,0,1,0.08,11,9.09%,3
surender singh,2,8,6,62.50%,16,31.25,0,0,5,2.5,0,0,3,1.5,6,50%,2
dong geon lee,32,70,10,73.41%,158,44.3,1,1,70,2.18,0,0,0,0,6,0,All
dong geon lee,4,10,6,72%,25,40,0,0,10,2.5,0,0,0,0,0,0,7
dong geon lee,11,31,10,76.92%,65,47.69,1,1,31,2.81,0,0,0,0,1,0,6
dong geon lee,17,29,5,70.58%,68,42.64,0,0,29,1.7,0,0,0,0,5,0,5
ruturaj shivaji koravi,36,57,5,100%,3,0,0,0,0,0,3,1,57,1.5,156,36.53%,All
ruturaj shivaji koravi,13,10,2,0,0,0,0,0,0,0,0,0,10,0.76,35,28.57%,7
ruturaj shivaji koravi,23,47,5,100%,3,0,0,0,0,0,3,1,47,1.91,121,38.84%,6
armaan,10,24,13,61.81%,55,40,2,1,22,2.2,1,0,2,0.1,8,25%,All
armaan,6,9,4,59.37%,32,28.12,1,0,9,1.5,0,0,0,0,7,0,7
armaan,4,15,13,65.21%,23,56.52,1,1,13,3.25,1,0,2,0.25,1,200%,6
sunil siddhgavali,41,63,8,89.47%,19,26.31,0,0,5,0.12,7,5,58,1.24,164,35.36%,All
sunil siddhgavali,13,9,2,100%,2,0,0,0,0,0,3,0,9,0.46,39,23.07%,7
sunil siddhgavali,16,38,8,86.66%,15,33.33,0,0,5,0.31,3,4,33,1.87,81,40.74%,6
sunil siddhgavali,12,16,6,100%,2,0,0,0,0,0,1,1,16,1.25,44,36.36%,5
sagar,9,9,3,0,1,0,0,0,0,0,1,0,9,0.88,18,50%,All
sagar,9,9,3,0,1,0,0,0,0,0,1,0,9,0.88,18,50%,7
sushant sail,7,8,3,52.38%,21,38.09,0,0,8,1.14,0,0,0,0,1,0,All
sushant sail,7,8,3,52.38%,21,38.09,0,0,8,1.14,0,0,0,0,1,0,7
kuldeep singh,36,65,6,66.66%,3,33.33,0,0,1,0.02,5,3,64,1.63,145,44.13%,All
kuldeep singh,9,8,3,0,0,0,0,0,0,0,0,0,8,0.88,28,28.57%,7
kuldeep singh,22,49,6,100%,2,0,0,0,0,0,4,2,49,2.04,105,46.66%,6
kuldeep singh,5,8,6,0,1,100,0,0,1,0.2,1,1,7,1.2,12,58.33%,5
victor onyango obiero,6,14,5,66.66%,15,80,0,0,12,2,1,0,2,0.16,5,40%,All
victor onyango obiero,3,8,5,75%,8,75,0,0,6,2,1,0,2,0.33,5,40%,7
victor onyango obiero,3,6,5,57.14%,7,85.71,0,0,6,2,0,0,0,0,0,0,6
ankit beniwal,6,8,2,52.63%,19,36.84,0,0,7,1.16,0,0,1,0.16,2,50%,All
ankit beniwal,5,8,2,56.25%,16,43.75,0,0,7,1.4,0,0,1,0.2,2,50%,7
ankit beniwal,1,0,0,33.33%,3,0,0,0,0,0,0,0,0,0,0,0,6
saeid ghaffari,9,8,4,100%,1,0,0,0,0,0,0,0,8,0.88,20,40%,All
saeid ghaffari,9,8,4,100%,1,0,0,0,0,0,0,0,8,0.88,20,40%,7
mohsen maghsoudloujafari,45,110,12,74.77%,218,33.94,2,1,74,1.64,4,0,36,0.71,76,47.36%,All
mohsen maghsoudloujafari,10,7,2,56.52%,23,17.39,0,0,4,0.4,1,0,3,0.2,8,37.50%,7
mohsen maghsoudloujafari,19,56,7,77.67%,112,25.89,0,0,29,1.52,2,0,27,1.31,52,51.92%,6
mohsen maghsoudloujafari,16,47,12,75.90%,83,49.39,2,1,41,2.56,1,0,6,0.31,16,37.50%,5
ankush,3,7,4,66.66%,6,100,0,0,6,2,0,0,1,0.33,1,100%,All
ankush,3,7,4,66.66%,6,100,0,0,6,2,0,0,1,0.33,1,100%,7
viraj vishnu landge,34,29,3,0,0,0,0,0,0,0,0,0,29,0.85,112,25.89%,All
viraj vishnu landge,8,7,3,0,0,0,0,0,0,0,0,0,7,0.87,31,22.58%,7
viraj vishnu landge,7,6,2,0,0,0,0,0,0,0,0,0,6,0.85,29,20.68%,6
viraj vishnu landge,19,16,2,0,0,0,0,0,0,0,0,0,16,0.84,52,30.76%,5
vinod kumar,45,106,8,76.36%,165,37.57,2,0,62,1.37,9,2,44,0.77,68,64.70%,All
vinod kumar,7,7,3,68.18%,22,27.27,0,0,6,0.85,0,0,1,0.14,4,25%,7
vinod kumar,17,51,7,83.82%,68,32.35,0,0,22,1.29,4,2,29,1.47,43,67.44%,6
vinod kumar,21,48,8,72%,75,45.33,2,0,34,1.61,5,0,14,0.42,21,66.66%,5
sanket sawant,5,7,3,0,0,0,0,0,0,0,0,0,7,1.4,21,33.33%,All
sanket sawant,5,7,3,0,0,0,0,0,0,0,0,0,7,1.4,21,33.33%,7
chand singh,7,6,3,100%,1,100,0,0,1,0.14,1,0,5,0.57,15,33.33%,All
chand singh,7,6,3,100%,1,100,0,0,1,0.14,1,0,5,0.57,15,33.33%,7
anand,8,14,8,70%,30,46.66,1,0,14,1.75,0,0,0,0,3,0,All
anand,5,6,4,61.53%,13,46.15,1,0,6,1.2,0,0,0,0,3,0,7
anand,3,8,8,76.47%,17,47.05,0,0,8,2.66,0,0,0,0,0,0,6
azad singh,13,29,8,67.56%,74,36.48,1,0,27,2.07,0,0,2,0.15,6,33.33%,All
azad singh,4,6,3,65.38%,26,23.07,0,0,6,1.5,0,0,0,0,1,0,7
azad singh,9,23,8,68.75%,48,43.75,1,0,21,2.33,0,0,2,0.22,5,40%,6
ankit,12,9,3,90.90%,11,0,0,0,0,0,1,0,9,0.66,28,32.14%,All
ankit,6,6,3,88.88%,9,0,0,0,0,0,1,0,6,0.83,17,35.29%,7
ankit,6,3,1,100%,2,0,0,0,0,0,0,0,3,0.5,11,27.27%,6
m  abishek,5,6,3,0,0,0,0,0,0,0,0,0,6,1.2,15,40%,All
m  abishek,5,6,3,0,0,0,0,0,0,0,0,0,6,1.2,15,40%,7
young chang ko,37,23,5,0,0,0,0,0,0,0,6,1,23,0.45,74,31.08%,All
young chang ko,10,6,4,0,0,0,0,0,0,0,2,0,6,0.4,13,46.15%,7
young chang ko,13,15,5,0,0,0,0,0,0,0,4,1,15,0.84,34,44.11%,6
young chang ko,14,2,1,0,0,0,0,0,0,0,0,0,2,0.14,27,7.40%,5
abolfazl maghsodloumahali,47,152,11,75.56%,356,40.44,4,0,144,3.06,1,0,8,0.14,22,36.36%,All
abolfazl maghsodloumahali,6,5,4,40%,10,50,0,0,5,0.83,0,0,0,0,0,0,7
abolfazl maghsodloumahali,10,25,5,75.32%,77,29.87,2,0,23,2.3,0,0,2,0.2,7,28.57%,6
abolfazl maghsodloumahali,19,97,11,79.56%,230,39.56,0,0,91,4.78,1,0,6,0.26,14,42.85%,5
abolfazl maghsodloumahali,9,25,9,62.16%,37,67.56,2,0,25,2.77,0,0,0,0,1,0,4
abolfazl maghsodloumahali,3,0,0,50%,2,0,0,0,0,0,0,0,0,0,0,0,3
ashish kumar,82,156,7,81.62%,185,24.32,0,0,45,0.54,13,4,111,1.19,270,41.11%,All
ashish kumar,6,5,4,81.81%,11,0,0,0,0,0,2,0,5,0.5,19,26.31%,7
ashish kumar,24,45,7,92.59%,27,18.51,0,0,5,0.2,3,1,40,1.54,87,45.97%,6
ashish kumar,20,32,6,75.71%,70,24.28,0,0,17,0.85,1,1,15,0.7,49,30.61%,5
ashish kumar,14,37,7,81.25%,48,29.16,0,0,14,1,6,1,23,1.21,44,52.27%,4
ashish kumar,13,32,7,84.21%,19,36.84,0,0,7,0.53,0,1,25,1.92,61,40.98%,3
ashish kumar,5,5,4,90%,10,20,0,0,2,0.4,1,0,3,0.4,10,30%,2
amit kumar,3,5,4,75%,8,62.5,1,0,5,1.66,0,0,0,0,1,0,All
amit kumar,3,5,4,75%,8,62.5,1,0,5,1.66,0,0,0,0,1,0,7
ashish,7,5,2,50%,16,31.25,0,0,5,0.71,0,0,0,0,2,0,All
ashish,7,5,2,50%,16,31.25,0,0,5,0.71,0,0,0,0,2,0,7
vijay kumar,21,14,3,88.88%,9,33.33,0,0,3,0.14,3,0,11,0.38,39,28.20%,All
vijay kumar,9,5,3,100%,4,0,0,0,0,0,1,0,5,0.44,16,31.25%,7
vijay kumar,4,3,2,100%,2,100,0,0,2,0.5,0,0,1,0.25,11,9.09%,6
vijay kumar,8,6,3,66.66%,3,33.33,0,0,1,0.12,2,0,5,0.37,12,41.66%,5
lalit chaudhary,7,12,5,44.44%,18,27.77,0,0,5,0.71,2,0,7,0.71,6,116.66%,All
lalit chaudhary,4,5,3,45.45%,11,18.18,0,0,2,0.5,1,0,3,0.5,2,150%,7
lalit chaudhary,3,7,5,42.85%,7,42.85,0,0,3,1,1,0,4,1,4,100%,6
mayur shivtarkar,29,33,3,68.85%,61,14.75,0,0,9,0.31,0,0,24,0.82,88,27.27%,All
mayur shivtarkar,6,4,2,0,0,0,0,0,0,0,0,0,4,0.66,21,19.04%,7
mayur shivtarkar,18,23,3,77.77%,36,11.11,0,0,4,0.22,0,0,19,1.05,65,29.23%,6
mayur shivtarkar,5,6,3,56%,25,20,0,0,5,1,0,0,1,0.2,2,50%,5
purna singh,6,4,1,75%,12,33.33,0,0,4,0.66,0,0,0,0,2,0,All
purna singh,6,4,1,75%,12,33.33,0,0,4,0.66,0,0,0,0,2,0,7
purna singh,0,0,0,0,0,0,0,0,0,0,0,0,0,0,0,0,6
parveen,25,32,6,85.71%,7,42.85,0,0,3,0.12,6,1,29,0.92,75,38.66%,All
parveen,6,4,4,0,0,0,0,0,0,0,1,0,4,0.5,15,26.66%,7
parveen,19,28,6,85.71%,7,42.85,0,0,3,0.15,5,1,25,1.05,60,41.66%,6
ajay,15,8,2,100%,4,50,0,0,2,0.13,0,0,6,0.4,31,19.35%,All
ajay,8,4,2,100%,4,50,0,0,2,0.25,0,0,2,0.25,17,11.76%,7
ajay,7,4,2,0,0,0,0,0,0,0,0,0,4,0.57,14,28.57%,6
sachin kumar,46,79,7,84.54%,110,23.63,0,0,26,0.56,5,3,53,1.04,136,38.97%,All
sachin kumar,12,4,2,92.85%,14,0,0,0,0,0,1,0,4,0.25,11,36.36%,7
sachin kumar,25,68,7,84.26%,89,28.08,0,0,25,1,4,2,43,1.56,101,42.57%,6
sachin kumar,9,7,5,71.42%,7,14.28,0,0,1,0.11,0,1,6,0.66,24,25%,5
sachin kumar,0,0,0,0,0,0,0,0,0,0,0,0,0,0,0,0,4
sachin kumar,0,0,0,0,0,0,0,0,0,0,0,0,0,0,0,0,3
gurvinder singh,45,100,11,74.66%,225,36.44,2,1,82,1.82,1,0,18,0.37,65,27.69%,All
gurvinder singh,2,4,3,42.85%,7,57.14,0,0,4,2,0,0,0,0,0,0,7
gurvinder singh,0,0,0,0,0,0,0,0,0,0,0,0,0,0,0,0,6
gurvinder singh,9,24,7,78.37%,37,45.94,1,0,17,1.88,0,0,7,0.77,20,35%,5
gurvinder singh,6,4,1,76.47%,17,23.52,0,0,4,0.66,0,0,0,0,5,0,4
gurvinder singh,5,6,4,83.33%,12,33.33,0,0,4,0.8,0,0,2,0.4,5,40%,3
gurvinder singh,16,49,11,76.11%,134,32.83,1,1,44,2.75,0,0,5,0.31,22,22.72%,2
gurvinder singh,7,13,5,61.11%,18,50,0,0,9,1.28,1,0,4,0.42,13,30.76%,1
krushna madane,14,16,4,84.61%,13,7.69,0,0,1,0.07,0,0,15,1.07,39,38.46%,All
krushna madane,7,4,2,100%,8,0,0,0,0,0,0,0,4,0.57,14,28.57%,7
krushna madane,6,12,4,100%,3,33.33,0,0,1,0.16,0,0,11,1.83,25,44%,6
krushna madane,1,0,0,0,2,0,0,0,0,0,0,0,0,0,0,0,5
darshan kadian,37,96,10,74.02%,231,36.79,2,1,85,2.29,3,0,11,0.21,41,26.82%,All
darshan kadian,5,4,2,76.47%,17,17.64,0,0,3,0.6,0,0,1,0.2,7,14.28%,7
darshan kadian,14,50,10,79.43%,141,34.75,1,1,49,3.5,0,0,1,0.07,3,33.33%,6
darshan kadian,16,40,8,63.88%,72,45.83,1,0,33,2.06,3,0,7,0.25,23,30.43%,5
darshan kadian,2,2,2,0,1,0,0,0,0,0,0,0,2,1,8,25%,4
jawahar dagar,45,64,5,70.96%,31,29.03,0,0,9,0.2,6,2,55,1.08,156,35.25%,All
jawahar dagar,6,4,2,100%,1,0,0,0,0,0,0,0,4,0.66,16,25%,7
jawahar dagar,15,23,5,60%,5,60,0,0,3,0.2,3,2,20,1.13,59,33.89%,6
jawahar dagar,18,35,4,78.26%,23,26.08,0,0,6,0.33,3,0,29,1.44,69,42.02%,5
jawahar dagar,6,2,1,0,2,0,0,0,0,0,0,0,2,0.33,12,16.66%,4
elavarasan a,3,4,3,0,0,0,0,0,0,0,1,0,4,1,10,40%,All
elavarasan a,3,4,3,0,0,0,0,0,0,0,1,0,4,1,10,40%,7
harmanjit singh,3,4,4,72.72%,11,36.36,0,0,4,1.33,0,0,0,0,0,0,All
harmanjit singh,3,4,4,72.72%,11,36.36,0,0,4,1.33,0,0,0,0,0,0,7
ravinder,5,3,3,0,0,0,0,0,0,0,1,0,3,0.4,8,37.50%,All
ravinder,5,3,3,0,0,0,0,0,0,0,1,0,3,0.4,8,37.50%,7
rakesh narwal,25,52,6,77.95%,127,39.37,4,0,50,2,0,0,2,0.08,13,15.38%,All
rakesh narwal,1,3,3,50%,2,150,0,0,3,3,0,0,0,0,0,0,7
rakesh narwal,6,10,3,58.82%,17,52.94,1,0,9,1.5,0,0,1,0.16,3,33.33%,6
rakesh narwal,6,18,6,85.71%,56,30.35,1,0,17,2.83,0,0,1,0.16,3,33.33%,5
rakesh narwal,1,0,0,75%,4,0,0,0,0,0,0,0,0,0,1,0,4
rakesh narwal,11,21,5,77.08%,48,43.75,2,0,21,1.9,0,0,0,0,6,0,3
adarsh t,19,17,4,100%,1,200,0,0,2,0.1,3,0,15,0.63,32,46.87%,All
adarsh t,9,3,2,0,0,0,0,0,0,0,0,0,3,0.33,9,33.33%,7
adarsh t,10,14,4,100%,1,200,0,0,2,0.2,3,0,12,0.9,23,52.17%,6
aman kadian,3,2,1,57.14%,7,28.57,0,0,2,0.66,0,0,0,0,1,0,All
aman kadian,2,2,1,75%,4,50,0,0,2,1,0,0,0,0,1,0,7
aman kadian,1,0,0,33.33%,3,0,0,0,0,0,0,0,0,0,0,0,6
arun kumar hn,4,3,2,33.33%,9,33.33,0,0,3,0.75,0,0,0,0,1,0,All
arun kumar hn,2,2,2,25%,4,50,0,0,2,1,0,0,0,0,0,0,7
arun kumar hn,2,1,1,40%,5,20,0,0,1,0.5,0,0,0,0,1,0,6
ponparthiban subramanian,17,19,7,0,0,0,0,0,0,0,1,1,19,1.05,58,32.75%,All
ponparthiban subramanian,5,2,1,0,0,0,0,0,0,0,0,0,2,0.4,7,28.57%,7
ponparthiban subramanian,12,17,7,0,0,0,0,0,0,0,1,1,17,1.33,51,33.33%,6
kamal singh,11,17,6,76.74%,43,30.23,0,0,13,1.18,1,0,4,0.27,12,33.33%,All
kamal singh,3,2,2,75%,8,0,0,0,0,0,0,0,2,0.66,6,33.33%,7
kamal singh,8,15,6,77.14%,35,37.14,0,0,13,1.62,1,0,2,0.12,6,33.33%,6
gurdeep,2,2,2,0,0,0,0,0,0,0,0,0,2,1,3,66.66%,All
gurdeep,2,2,2,0,0,0,0,0,0,0,0,0,2,1,3,66.66%,7
rajaguru subramanian,45,55,4,85.71%,7,14.28,0,0,1,0.02,3,0,54,1.13,145,37.24%,All
rajaguru subramanian,4,2,2,100%,2,0,0,0,0,0,0,0,2,0.5,5,40%,7
rajaguru subramanian,8,10,2,0,0,0,0,0,0,0,0,0,10,1.25,21,47.61%,6
rajaguru subramanian,7,6,2,100%,3,0,0,0,0,0,0,0,6,0.85,22,27.27%,5
rajaguru subramanian,12,18,3,50%,2,50,0,0,1,0.08,2,0,17,1.25,42,40.47%,4
rajaguru subramanian,14,19,4,0,0,0,0,0,0,0,1,0,19,1.28,55,34.54%,3
ravindra ramesh kumawat,18,49,8,74.33%,113,37.16,2,0,42,2.33,0,0,7,0.38,21,33.33%,All
ravindra ramesh kumawat,2,2,2,57.14%,7,14.28,0,0,1,0.5,0,0,1,0.5,1,100%,7
ravindra ramesh kumawat,12,42,8,78.02%,91,40.65,2,0,37,3.08,0,0,5,0.41,18,27.77%,6
ravindra ramesh kumawat,2,2,2,57.14%,7,28.57,0,0,2,1,0,0,0,0,1,0,5
ravindra ramesh kumawat,2,3,2,62.50%,8,25,0,0,2,1,0,0,1,0.5,1,100%,4
balram,1,2,2,100%,2,100,0,0,2,2,0,0,0,0,0,0,All
balram,1,2,2,100%,2,100,0,0,2,2,0,0,0,0,0,0,7
palle mallikarjun,3,2,1,50%,10,20,0,0,2,0.66,0,0,0,0,1,0,All
palle mallikarjun,3,2,1,50%,10,20,0,0,2,0.66,0,0,0,0,1,0,7
naveen narwal,3,1,1,0,0,0,0,0,0,0,0,0,1,0.33,8,12.50%,All
naveen narwal,3,1,1,0,0,0,0,0,0,0,0,0,1,0.33,8,12.50%,7
vikas chhillar,1,1,1,50%,2,50,0,0,1,1,0,0,0,0,0,0,All
vikas chhillar,1,1,1,50%,2,50,0,0,1,1,0,0,0,0,0,0,7
mohammad taghi paein mahali,3,1,1,25%,4,0,0,0,0,0,0,0,1,0.33,4,25%,All
mohammad taghi paein mahali,3,1,1,25%,4,0,0,0,0,0,0,0,1,0.33,4,25%,7
ajinkya rohidas kapre,2,1,1,60%,5,20,0,0,1,0.5,0,0,0,0,1,0,All
ajinkya rohidas kapre,2,1,1,60%,5,20,0,0,1,0.5,0,0,0,0,1,0,7
satywan,1,1,1,0,0,0,0,0,0,0,0,0,1,1,2,50%,All
satywan,1,1,1,0,0,0,0,0,0,0,0,0,1,1,2,50%,7
aman,2,1,1,0,0,0,0,0,0,0,0,0,1,0.5,4,25%,All
aman,2,1,1,0,0,0,0,0,0,0,0,0,1,0.5,4,25%,7
emad sedaghatnia,1,1,1,50%,4,25,0,0,1,1,0,0,0,0,3,0,All
emad sedaghatnia,1,1,1,50%,4,25,0,0,1,1,0,0,0,0,3,0,7
